,Epoch,MAX_G,MAX_MOVE,MAX_ENTER,MAX_WAIT,AVG_G
,0,448,6400,73600,0,232.054
,1,454,6400,73600,0,261.942
,2,464,8952,71048,0,312.439
,3,464,10840,69160,0,351.214
,4,473,7050,72950,0,386.491
,5,469,11730,68270,0,397.468
,6,494,12944,67056,0,396.624
,7,494,14040,65960,0,415.971
,8,494,14010,65990,0,420.473
,9,494,14054,65946,0,442.589
,10,514,15989,55106,8905,447.192
,11,574,15050,60150,4800,460.124
,12,584,16575,56360,7065,480.519
,13,599,18008,60922,1070,495.481
,14,599,14310,64220,1470,509.446
,15,629,13929,65876,195,514.223
,16,679,18433,52422,9145,525.152
,17,679,16930,55230,7840,532.274
,18,694,21103,46842,12055,543.042
,19,694,17614,56961,5425,565.59
,20,704,21129,48521,10350,585.21
,21,699,21833,40524,17643,596.118
,22,704,23625,40713,15662,602.332
,23,709,23456,51854,4690,616.926
,24,704,23796,43312,12892,619.567
,25,709,23377,40651,15972,628.09
,26,724,24749,43476,11775,630.838
,27,744,22466,57134,400,644.92
,28,749,25485,45885,8630,651.287
,29,774,25283,43807,10910,663.45
,30,804,22189,48102,9709,670.7
,31,819,28995,34960,16045,687.734
,32,824,30065,36820,13115,707.224
,33,814,27662,32736,19602,714.145
,34,874,28097,30344,21559,719.51
,35,864,29765,31860,18375,722.588
,36,889,29834,37151,13015,734.681
,37,891,28448,28547,23005,759.81
,38,894,31667,42783,5550,775.275
,39,899,28085,50370,1545,779.887
,40,904,28798,33317,17885,790.727
,41,899,30529,36111,13360,789.041
,42,914,31010,44040,4950,800.439
,43,904,30898,39517,9585,803.376
,44,904,29180,40748,10072,811.999
,45,909,31620,43235,5145,815.226
,46,904,32065,45215,2720,820.202
,47,909,28774,47121,4105,819.955
,48,909,29380,41255,9365,826.333
,49,904,27413,50442,2145,830.974
,50,909,31224,43441,5335,827.904
,51,904,31879,43491,4630,828.594
,52,904,28202,30257,21541,831.024
,53,904,30890,37650,11460,832.088
,54,904,31140,40015,8845,841.257
,55,904,31045,41725,7230,843.4
,56,904,32085,45855,2060,849.994
,57,904,31645,43485,4870,849.95
,58,904,25281,53645,1074,846.136
,59,914,31603,43097,5300,849.129
,60,909,31625,44820,3555,855.894
,61,904,32039,45281,2680,855.979
,62,904,31615,44385,4000,858.517
,63,909,31014,40176,8810,857.421
,64,904,32060,44950,2990,857.54
,65,914,31125,42035,6840,863.115
,66,904,31735,45635,2630,867.316
,67,904,31110,36275,12615,866.18
,68,909,31424,46346,2230,868.926
,69,904,32040,45270,2690,872.031
,70,904,27069,50621,2310,867.246
,71,904,31304,41511,7185,870.518
,72,904,32174,46176,1650,873.851
,73,904,31575,42610,5815,870.962
,74,909,31175,44360,4465,876.555
,75,909,30966,41384,7650,874.231
,76,904,31244,39241,9515,876.508
,77,904,31590,43755,4655,875.239
,78,904,31789,45786,2425,876.832
,79,914,31062,44873,4065,879.556
,80,904,31350,43865,4785,879.432
,81,909,31191,43269,5540,877.525
,82,904,32055,45800,2145,877.899
,83,904,31850,44180,3970,880.693
,84,904,31974,45756,2270,881.485
,85,909,31675,42760,5565,882.039
,86,904,31184,46886,1930,880.839
,87,904,29568,46632,3800,879.745
,88,909,32080,46485,1435,880.062
,89,904,31999,46001,2000,882.465
,90,904,32145,46185,1670,884.105
,91,914,32105,46625,1270,885.177
,92,909,31760,45195,3045,885.395
,93,904,32050,45820,2130,885.372
,94,909,32125,46260,1615,886.768
,95,914,32185,46055,1760,888.739
,96,904,31867,45878,2255,888.19
,97,904,32105,46240,1655,889.229
,98,904,31936,45019,3045,888.663
,99,909,32075,46390,1535,889.408
,100,904,32086,46494,1420,888.436
,101,904,32107,45423,2470,889.81
,102,909,31965,44360,3675,888.954
,103,904,32204,46346,1450,889.457
,104,909,32105,46380,1515,889.703
,105,919,32075,46665,1260,892.631
,106,904,32050,46020,1930,892.97
,107,904,31960,45915,2125,892.839
,108,904,31929,45996,2075,892.374
,109,904,31950,46185,1865,893.113
,110,904,32145,46350,1505,892.957
,111,904,31945,45260,2795,893.518
,112,904,32145,46575,1280,893.609
,113,904,32115,46625,1260,892.712
,114,909,31925,46100,1975,892.134
,115,909,32090,46430,1480,894.045
,116,904,32130,46475,1395,893.477
,117,909,31645,45070,3285,893.996
,118,909,31405,46925,1670,893.663
,119,909,32135,46195,1670,895.01
,120,914,32139,45581,2280,894.916
,121,904,32024,46041,1935,895.466
,122,904,32131,46609,1260,893.685
,123,909,31618,39892,8490,895.202
,124,904,30851,41599,7550,895.275
,125,904,32060,46320,1620,896.636
,126,904,32106,46359,1535,896.98
,127,904,31980,45210,2810,897.126
,128,904,32071,46154,1775,896.222
,129,909,31815,45405,2780,896.201
,130,904,32004,45706,2290,896.909
,131,904,31575,43660,4765,896.089
,132,904,32115,46425,1460,897.168
,133,904,31790,46685,1525,896.646
,134,909,32105,46550,1345,897.143
,135,904,32064,45866,2070,896.101
,136,914,31984,45576,2440,896.773
,137,904,31954,44756,3290,896.431
,138,909,32110,46635,1255,896.787
,139,904,30621,44259,5120,897.283
,140,904,31989,45751,2260,897.921
,141,909,32120,46415,1465,896.363
,142,904,32085,46610,1305,896.952
,143,904,32149,46591,1260,896.758
,144,904,31984,46046,1970,894.969
,145,919,32125,46605,1270,897.346
,146,904,32119,46621,1260,898.349
,147,904,32124,46396,1480,898.134
,148,904,32129,46601,1270,896.637
,149,904,32114,46556,1330,897.703
,150,919,32134,46601,1265,896.824
,151,909,32120,46605,1275,896.801
,152,914,32164,46591,1245,896.607
,153,914,32080,46480,1440,895.935
,154,919,32124,46571,1305,897.161
,155,904,32105,46305,1590,897.986
,156,914,32124,46601,1275,897.51
,157,904,32066,46484,1450,897.9
,158,919,32100,46645,1255,897.451
,159,909,31900,45435,2665,896.454
,160,919,32125,46425,1450,896.969
,161,919,32105,46535,1360,897.001
,162,914,32010,46130,1860,896.166
,163,914,32000,40745,7255,894.821
,164,914,32109,46566,1325,898.146
,165,904,32058,46222,1720,895.525
,166,904,32055,46275,1670,898.053
,167,904,32054,46011,1935,898.196
,168,904,32144,46341,1515,897.417
,169,904,30335,48405,1260,897.751
,170,919,32109,46526,1365,898.033
,171,904,32104,46596,1300,896.852
,172,909,32095,46425,1480,898.559
,173,919,31929,45221,2850,895.268
,174,904,32019,46246,1735,894.024
,175,919,32090,46380,1530,896.83
,176,919,32149,46591,1260,896.976
,177,904,32090,46520,1390,898.063
,178,904,32070,46520,1410,898.186
,179,919,32070,46595,1335,898.384
,180,914,32070,46600,1330,897.981
,181,904,31984,45641,2375,896.927
,182,904,32125,46605,1270,897.663
,183,914,32110,46460,1430,899.063
,184,914,31944,45561,2495,899.226
,185,904,31973,46012,2015,899.814
,186,909,31829,45936,2235,898.412
,187,914,32050,46355,1595,898.489
,188,904,32125,46605,1270,898.147
,189,904,32085,46510,1405,898.621
,190,904,32105,46625,1270,899.374
,191,914,32133,46242,1625,899.913
,192,904,32076,46429,1495,900.307
,193,914,32096,46434,1470,899.265
,194,904,32100,46645,1255,899.239
,195,914,32105,46645,1250,899.048
,196,919,32154,46581,1265,897.809
,197,919,32125,46605,1270,899.277
,198,919,31924,46576,1500,899.426
,199,914,32085,46645,1270,899.754
,200,909,32085,46610,1305,900.045
,201,914,32090,46275,1635,899.834
,202,914,31695,44965,3340,900.285
,203,919,32115,46625,1260,899.355
,204,914,32085,46645,1270,900.591
,205,919,32110,46480,1410,900.434
,206,919,31770,45290,2940,899.673
,207,919,31909,45491,2600,899.562
,208,924,31874,45511,2615,899.472
,209,924,32085,46585,1330,899.45
,210,914,31910,43535,4555,897.444
,211,924,32129,46601,1270,899.898
,212,919,32110,46625,1265,898.556
,213,919,32134,46346,1520,899.552
,214,924,32213,43672,4115,898.989
,215,919,32065,45970,1965,898.792
,216,924,31515,44435,4050,898.385
,217,924,32393,45202,2405,896.774
,218,919,32060,46515,1425,897.228
,219,924,32164,46446,1390,895.667
,220,924,32110,46380,1510,895.594
,221,924,32127,46613,1260,896.53
,222,919,32477,45488,2035,895.465
,223,919,32144,46601,1255,893.86
,224,924,32125,46625,1250,895.316
,225,924,32302,44903,2795,895.487
,226,924,32144,46501,1355,895.549
,227,924,32180,46420,1400,896.363
,228,924,32267,46143,1590,896.814
,229,924,32355,42230,5415,895.829
,230,924,32560,45265,2175,897.155
,231,924,32012,45858,2130,896.201
,232,929,32142,46013,1845,894.64
,233,924,32484,45441,2075,897.348
,234,924,32039,45861,2100,894.916
,235,924,32085,46525,1390,897.5
,236,929,31973,45177,2850,897.875
,237,929,32360,38555,9085,896.154
,238,929,32137,40238,7625,899.971
,239,929,32628,43927,3445,900.296
,240,929,32767,44163,3070,900.173
,241,929,32941,44154,2905,898.135
,242,929,31908,43852,4240,899.733
,243,929,32007,44528,3465,902.94
,244,929,32510,45550,1940,902.704
,245,929,31059,46416,2525,903.434
,246,929,32329,45066,2605,902.018
,247,929,32497,45738,1765,904.712
,248,929,32620,45025,2355,905.935
,249,929,32587,45053,2360,904.954
,250,929,32557,45543,1900,906.05
,251,929,32457,44553,2990,907.288
,252,929,32885,44375,2740,906.437
,253,929,32267,43948,3785,906.885
,254,929,32597,43593,3810,908.595
,255,929,32139,44811,3050,908.374
,256,929,32927,44373,2700,906.525
,257,929,32632,45253,2115,909.194
,258,929,32592,44788,2620,907.849
,259,929,32987,44473,2540,909.517
,260,929,32557,45448,1995,907.629
,261,929,32817,44208,2975,909.494
,262,929,32942,44758,2300,910.094
,263,929,32597,45558,1845,910.33
,264,929,32117,43663,4220,911.213
,265,929,32890,44960,2150,911.792
,266,929,32557,42638,4805,910.729
,267,929,32802,44318,2880,910.672
,268,929,32912,44683,2405,910.846
,269,929,32977,44638,2385,910.085
,270,929,32410,43925,3665,911.538
,271,929,32546,45404,2050,912.21
,272,929,32548,44717,2735,911.487
,273,929,32592,44683,2725,913.064
,274,929,32927,44618,2455,912.337
,275,929,29897,47463,2640,911.823
,276,929,32927,44668,2405,911.992
,277,929,32182,42143,5675,913.564
,278,929,32817,45363,1820,911.643
,279,929,32757,44568,2675,912.706
,280,929,32281,43774,3945,912.044
,281,929,32826,44779,2395,913.085
,282,929,32747,44253,3000,913.281
,283,929,32980,44255,2765,912.395
,284,929,32972,44728,2300,912.519
,285,929,32792,43368,3840,912.004
,286,934,32917,44628,2455,913.087
,287,929,32962,44473,2565,912.829
,288,929,32821,44254,2925,912.25
,289,929,32966,44874,2160,912.451
,290,929,32912,44153,2935,912.551
,291,929,32647,42533,4820,913.473
,292,929,32565,45085,2350,912.07
,293,929,32816,44029,3155,913.308
,294,929,32600,43055,4345,913.872
,295,929,32696,45019,2285,914.442
,296,929,32902,44618,2480,913.517
,297,929,32891,44314,2795,914.005
,298,929,32977,44773,2250,914.981
,299,929,32962,44658,2380,915.978
,300,929,33002,44548,2450,916.301
,301,929,32566,45194,2240,916.178
,302,929,32496,42854,4650,916.134
,303,929,32876,44404,2720,915.427
,304,929,32982,44813,2205,915.393
,305,929,32946,44779,2275,915.314
,306,929,32786,43759,3455,915.057
,307,929,32961,44654,2385,915.492
,308,929,32917,44833,2250,915.616
,309,929,32617,43293,4090,914.964
,310,929,32905,44740,2355,917.589
,311,929,32961,44904,2135,915.777
,312,929,32896,44234,2870,916.216
,313,929,32929,44851,2220,915.175
,314,929,32961,44689,2350,915.176
,315,929,32909,44806,2285,916.311
,316,934,32862,44908,2230,914.389
,317,934,32691,43659,3650,916.76
,318,929,32716,44219,3065,914.808
,319,929,32961,44609,2430,917.084
,320,934,32936,44324,2740,915.771
,321,929,32820,44715,2465,915.576
,322,929,32244,46066,1690,916.861
,323,929,32856,44349,2795,916.862
,324,929,32646,42809,4545,917.932
,325,929,32884,44891,2225,917.019
,326,929,32471,43049,4480,917.014
,327,929,32846,44929,2225,918.097
,328,929,32976,44799,2225,917.116
,329,929,32986,44419,2595,918.843
,330,929,32842,44853,2305,917.004
,331,929,32971,44774,2255,917.988
,332,929,32996,44664,2340,918.994
,333,934,33022,44908,2070,919.29
,334,934,32991,44909,2100,917.962
,335,929,32981,44729,2290,919.039
,336,929,32260,45305,2435,919.105
,337,929,32966,44814,2220,917.12
,338,929,32375,43979,3646,918.255
,339,929,32820,44465,2715,916.287
,340,929,32941,44749,2310,918.559
,341,929,32976,44859,2165,919.1
,342,929,32941,44789,2270,916.882
,343,929,32951,44724,2325,920.073
,344,929,32846,43974,3180,919.294
,345,929,32977,44748,2275,920.228
,346,929,32856,44084,3060,918.537
,347,929,32996,44974,2030,919.732
,348,929,32746,43044,4210,917.824
,349,929,32550,45155,2295,920.023
,350,929,32987,44858,2155,919.324
,351,934,32610,45415,1975,919.89
,352,929,32952,44743,2305,919.411
,353,929,32746,45399,1855,919.539
,354,934,32911,43854,3235,919.638
,355,929,32986,45014,2000,920.674
,356,934,33001,44589,2410,920.689
,357,934,32641,42829,4530,918.508
,358,934,32967,44683,2350,921.374
,359,934,32991,44984,2025,919.665
,360,934,32971,44844,2185,920.441
,361,934,32997,44853,2150,920.854
,362,934,32991,44969,2040,921.222
,363,934,32996,45004,2000,920.266
,364,934,32919,44776,2305,920.824
,365,934,32936,44264,2800,920.458
,366,934,32991,44879,2130,921.261
,367,929,33001,44924,2075,921.326
,368,934,32956,44679,2365,920.545
,369,934,32976,44884,2140,920.998
,370,934,32991,44724,2285,920.221
,371,934,32842,44628,2530,921.714
,372,934,33212,44328,2460,921.174
,373,934,31947,44443,3610,921.449
,374,934,32642,45713,1645,920.978
,375,934,33132,43983,2885,919.716
,376,934,33036,44924,2040,920.649
,377,934,32982,44903,2115,919.799
,378,934,33242,44338,2420,918.808
,379,934,33182,43638,3180,919.918
,380,934,33181,44344,2475,919.865
,381,934,32717,41848,5435,919.989
,382,934,33231,44399,2370,920.733
,383,934,33025,44490,2485,920.497
,384,939,32742,43013,4245,920.254
,385,934,33051,43714,3235,920.688
,386,934,33197,44513,2290,920.592
,387,934,32687,42213,5100,919.866
,388,934,33157,44498,2345,921.26
,389,934,33002,43913,3085,920.716
,390,934,33241,44444,2315,922.033
,391,934,33102,44323,2575,921.092
,392,939,33187,43888,2925,921.447
,393,934,33017,42773,4210,921.284
,394,934,33176,43764,3060,921.52
,395,934,33180,44030,2790,920.978
,396,934,33190,43740,3070,922.547
,397,934,33151,44389,2460,922.822
,398,934,33216,44004,2780,922.173
,399,939,32842,45063,2095,921.488
,400,939,33202,43913,2885,921.59
,401,939,32976,43964,3060,922.812
,402,934,33241,44179,2580,922.821
,403,939,33237,44493,2270,923.697
,404,939,32827,42438,4735,923.343
,405,939,33196,44154,2650,923.803
,406,939,33210,43365,3425,924.336
,407,939,33210,44090,2700,923.802
,408,939,33265,44465,2270,923.681
,409,939,33251,44359,2390,924.235
,410,939,33285,44290,2425,924.084
,411,939,33281,44249,2470,923.117
,412,939,33147,44148,2705,925.241
,413,939,33032,43433,3535,925.569
,414,939,33297,44368,2335,926.41
,415,939,33266,44334,2400,926.474
,416,939,33200,43295,3505,925.761
,417,939,33265,44130,2605,926.659
,418,939,33122,44208,2670,926.679
,419,939,33216,43924,2860,927.278
,420,939,33241,44299,2460,927.031
,421,939,33286,44374,2340,927.699
,422,939,33182,43848,2970,927.583
,423,939,33206,43644,3150,927.69
,424,939,33320,44500,2180,929.455
,425,939,33222,44233,2545,928.327
,426,939,33186,43849,2965,929.899
,427,939,33267,44408,2325,929.688
,428,939,33232,44053,2715,928.717
,429,939,33256,44174,2570,929.603
,430,939,33281,44299,2420,929.708
,431,939,32882,43478,3640,929.241
,432,939,33225,44305,2470,928.652
,433,939,33250,44320,2430,929.226
,434,939,33250,44230,2520,929.553
,435,939,33301,44474,2225,929.92
,436,939,33272,44378,2350,929.03
,437,939,33272,44253,2475,930.559
,438,939,33136,43869,2995,929.767
,439,939,33251,44034,2715,930.892
,440,939,33290,44165,2545,930.503
,441,939,33271,44599,2130,930.481
,442,939,33235,43935,2830,929.68
,443,939,33276,44334,2390,930.352
,444,939,33310,44335,2355,931.026
,445,939,33202,44888,1910,930.271
,446,939,33230,44435,2335,930.852
,447,939,33260,44395,2345,929.13
,448,939,33237,43688,3075,930.05
,449,939,33251,44299,2450,930.112
,450,939,33031,44199,2770,929.618
,451,939,33291,44319,2390,930.29
,452,939,33225,44590,2185,929.57
,453,939,33256,44489,2255,930.261
,454,939,33170,44000,2830,929.35
,455,939,32237,46153,1610,930.018
,456,939,33235,44300,2465,929.27
,457,939,33280,44375,2345,929.719
,458,939,33161,44394,2445,928.888
,459,939,33257,44233,2510,930.841
,460,939,33171,43869,2960,929.138
,461,939,33271,44304,2425,930.534
,462,939,33277,44498,2225,930.224
,463,939,33222,44168,2610,931.245
,464,939,33272,44403,2325,928.797
,465,939,33287,44123,2590,929.752
,466,939,33207,44153,2640,928.293
,467,944,33197,44233,2570,930.566
,468,939,33270,44180,2550,929.365
,469,939,33277,44398,2325,930.564
,470,939,33135,44560,2305,929.407
,471,939,33257,44433,2310,930.758
,472,939,32950,43365,3685,929.991
,473,939,33156,44434,2410,930.761
,474,939,33227,44288,2485,930.423
,475,939,33162,44698,2140,930.362
,476,939,33267,44333,2400,931.441
,477,939,33236,44414,2350,931.471
,478,939,33181,44459,2360,931.146
,479,939,33226,44129,2645,930.883
,480,939,33252,44213,2535,931.639
,481,939,33162,43708,3130,930.167
,482,939,33292,44473,2235,930.858
,483,939,33266,44359,2375,930.916
,484,939,33272,44353,2375,930.607
,485,939,32787,42788,4425,930.275
,486,939,32282,43963,3755,931.479
,487,939,33227,43873,2900,931.329
,488,939,33307,44418,2275,931.375
,489,939,33166,43559,3275,931.122
,490,939,33211,43824,2965,930.897
,491,939,32991,44099,2910,930.812
,492,939,33227,44253,2520,930.966
,493,939,33237,43723,3040,930.71
,494,939,33121,43434,3445,931.734
,495,939,33272,44368,2360,931.214
,496,939,33272,44368,2360,931.772
,497,939,33232,44273,2495,930.683
,498,939,33267,44353,2380,932.014
,499,939,33285,44350,2365,930.535
,Epoch,MAX_G,MAX_MOVE,MAX_ENTER,MAX_WAIT,AVG_G
,0,464,6400,73600,0,239.214
,1,464,9436,70564,0,295.378
,2,464,7700,72300,0,334.995
,3,477,11750,57590,10660,350.868
,4,528,13655,66180,165,382.932
,5,509,13894,66106,0,382.059
,6,519,14054,65946,0,416.328
,7,564,14030,65970,0,425.63
,8,574,14048,65952,0,445.143
,9,579,15276,59799,4925,458.097
,10,584,14935,62950,2115,468.831
,11,584,11109,68696,195,475.109
,12,584,17052,58198,4750,490.686
,13,603,17315,59030,3655,505.132
,14,589,18689,53561,7750,520.436
,15,643,17600,61685,715,524.691
,16,604,18296,59659,2045,536.833
,17,674,11610,68180,210,544.528
,18,694,19282,58953,1765,563.667
,19,699,21695,53865,4440,591.47
,20,699,21694,49796,8510,606.998
,21,704,22411,51059,6530,627.028
,22,704,21518,54682,3800,633.944
,23,704,22603,54957,2440,642.529
,24,704,22414,52856,4730,647.733
,25,704,21502,54053,4445,654.844
,26,704,22784,56186,1030,656.922
,27,704,22055,54825,3120,667.492
,28,704,22625,56460,915,668.601
,29,704,22539,54201,3260,669.753
,30,704,21993,51552,6455,670.136
,31,704,22814,55861,1325,679.417
,32,704,22538,56327,1135,676.476
,33,704,23034,55861,1105,687.089
,34,704,22992,55883,1125,688.432
,35,704,22994,55986,1020,689.216
,36,704,23063,56442,495,687.67
,37,704,23068,55882,1050,691.411
,38,714,22264,52216,5520,693.585
,39,714,23080,56360,560,693.76
,40,749,23032,56193,775,692.713
,41,734,22909,56001,1090,691.632
,42,714,22089,57206,705,693.305
,43,749,22809,56721,470,695.978
,44,734,23259,56291,450,695.983
,45,754,23024,56436,540,696.362
,46,734,23114,56346,540,696.089
,47,784,23088,56042,870,698.814
,48,799,25828,41187,12985,703.148
,49,809,28823,30607,20570,728.961
,50,814,23242,54513,2245,737.009
,51,814,26133,47162,6705,744.644
,52,809,26908,46297,6795,743.787
,53,814,27810,47835,4355,745.326
,54,819,26907,44195,8898,736.03
,55,814,25758,42147,12095,754.099
,56,814,26490,44640,8870,748.48
,57,814,26656,43549,9795,757.824
,58,819,27246,46789,5965,744.632
,59,814,28131,39499,12370,758.677
,60,814,30430,34656,14914,747.303
,61,814,29081,34799,16120,764.058
,62,814,24887,34188,20925,757.019
,63,814,27048,47377,5575,766.398
,64,814,26668,48801,4531,758.759
,65,819,26463,44422,9115,771.887
,66,819,27562,50618,1820,765.154
,67,814,27693,49822,2485,770.374
,68,814,27393,47237,5370,769.931
,69,814,27595,50793,1612,772.78
,70,814,27873,50742,1385,772.018
,71,814,27704,48851,3445,775.887
,72,814,27543,51417,1040,776.419
,73,814,27786,50814,1400,779.636
,74,814,27139,42961,9900,779.83
,75,819,28030,50015,1955,786.289
,76,819,27353,46287,6360,789.465
,77,819,27743,50327,1930,786.618
,78,819,27575,49480,2945,789.053
,79,819,27617,48923,3460,786.815
,80,814,27362,48553,4085,785.649
,81,814,29312,41948,8740,789.944
,82,814,27968,50567,1465,791.742
,83,819,27692,48223,4085,793.176
,84,814,28009,49891,2100,791.892
,85,819,27720,48925,3355,791.888
,86,819,27074,45711,7215,793.186
,87,814,27858,49867,2275,792.654
,88,814,28013,49412,2575,790.886
,89,819,26954,45286,7760,787.642
,90,814,27879,50376,1745,794.579
,91,834,27495,47655,4850,793.888
,92,819,27409,47796,4795,796.16
,93,819,27830,49695,2475,797.376
,94,814,27899,49406,2695,798.401
,95,819,27468,51272,1260,798.415
,96,819,27632,49225,3143,797.099
,97,819,27813,50087,2100,799.344
,98,819,27858,50442,1700,799.956
,99,834,26979,50850,2171,802.587
,100,819,28092,50393,1515,799.281
,101,819,27903,50862,1235,802.564
,102,824,27913,50852,1235,802.446
,103,824,27908,50807,1285,800.687
,104,819,27843,49697,2460,802.035
,105,819,27333,48332,4335,802.617
,106,819,28143,50207,1650,803.259
,107,844,30983,36622,12395,801.603
,108,824,27874,51391,735,801.859
,109,824,28159,50251,1590,805.142
,110,859,28454,48541,3005,808.37
,111,824,27769,47446,4785,806.779
,112,834,28094,49961,1945,809.163
,113,829,28154,50326,1520,807.83
,114,819,28158,50332,1510,810.503
,115,829,28211,50269,1520,810.02
,116,834,28094,50431,1475,811.567
,117,829,28217,50263,1520,812.642
,118,834,28172,50308,1520,812.561
,119,919,28124,50101,1775,812.829
,120,909,28148,50332,1520,812.38
,121,909,28985,46560,4455,813.859
,122,919,31291,35829,12880,820.364
,123,929,32577,43113,4310,852.419
,124,934,31543,44472,3985,862.277
,125,934,31970,45130,2900,880.593
,126,934,32949,42476,4575,888.69
,127,929,32778,43607,3615,888.232
,128,934,32137,40928,6935,887.615
,129,934,31984,40801,7215,879.73
,130,934,31665,44505,3830,878.454
,131,934,32632,40078,7290,883.169
,132,939,33101,42494,4405,879.084
,133,929,33202,42533,4265,887.553
,134,939,32999,42576,4425,887.375
,135,934,32295,38220,9485,885.865
,136,934,32677,43588,3735,892.337
,137,934,33032,44138,2830,898.431
,138,934,33218,43722,3060,894.341
,139,934,33082,42208,4710,899.481
,140,934,32829,44706,2465,901.728
,141,934,33167,43593,3240,905.267
,142,939,32845,42425,4730,901.711
,143,934,33327,43938,2735,904.887
,144,934,33315,44295,2390,908.665
,145,934,33011,41839,5150,910.347
,146,934,33284,43931,2785,908.007
,147,934,33164,43071,3765,909.529
,148,934,33063,42562,4375,907.269
,149,939,32815,41185,6000,911.027
,150,939,33213,43737,3050,912.488
,151,939,33238,43332,3430,913.295
,152,934,32946,42469,4585,915.644
,153,939,33243,43407,3350,917.563
,154,939,33183,42847,3970,917.616
,155,939,33277,43648,3075,919.484
,156,939,33329,43611,3060,917.999
,157,934,33253,43867,2880,918.57
,158,939,33127,42933,3940,918.624
,159,939,33192,43613,3195,919.472
,160,939,32765,45040,2195,916.976
,161,939,33294,43916,2790,918.817
,162,939,33137,42718,4145,917.287
,163,939,33198,43662,3140,917.961
,164,939,33248,43737,3015,917.987
,165,939,32918,41432,5650,921.151
,166,939,32563,40377,7060,917.673
,167,939,33229,44001,2770,920.077
,168,939,32735,42080,5185,918.553
,169,939,33288,43972,2740,921.001
,170,939,33239,43836,2925,920.963
,171,939,33139,43671,3190,922.536
,172,939,33058,42492,4450,921.737
,173,939,33287,43883,2830,922.787
,174,939,33299,43906,2795,921.098
,175,939,33294,43261,3445,921.512
,176,939,32484,39256,8260,922.393
,177,939,33249,43906,2845,921.496
,178,939,33279,43816,2905,922.429
,179,944,33273,43952,2775,922.459
,180,939,33024,42841,4135,923.408
,181,939,33299,43961,2740,922.982
,182,939,33113,43157,3730,922.783
,183,939,33313,44002,2685,923.703
,184,939,33183,43892,2925,922.377
,185,939,33348,44137,2515,924.336
,186,939,33263,43472,3265,924.054
,187,939,33338,44212,2450,924.372
,188,939,33194,43661,3145,923.503
,189,939,33325,44285,2390,925.385
,190,939,33252,43803,2945,923.475
,191,939,32663,43332,4005,925.8
,192,939,33189,43246,3565,923.601
,193,939,33193,44027,2780,925.005
,194,939,31150,43565,5285,925.141
,195,939,33307,44378,2315,923.686
,196,939,33303,43887,2810,926.346
,197,939,33338,44167,2495,924.528
,198,939,33303,43982,2715,925.068
,199,939,33307,44203,2490,925.895
,200,939,33342,44388,2270,925.671
,201,939,33314,44151,2535,925.516
,202,939,32600,44085,3315,924.828
,203,939,33327,44428,2245,926.632
,204,939,32148,42842,5010,925.579
,205,939,33288,43697,3015,926.232
,206,939,33193,43467,3340,922.737
,207,939,33284,43741,2975,926.236
,208,939,33338,44082,2580,926.321
,209,939,33262,43728,3010,926.428
,210,939,33288,43912,2800,925.2
,211,939,33288,43887,2825,927.301
,212,939,33282,43918,2800,925.569
,213,939,33294,43991,2715,926.163
,214,939,33272,44198,2530,926.874
,215,939,33253,43467,3280,927.245
,216,939,33188,43957,2855,926.074
,217,939,33312,43988,2700,927.663
,218,939,33217,43733,3050,927.415
,219,939,33277,43978,2745,926.986
,220,939,33317,44298,2385,928.869
,221,944,33307,43878,2815,928.183
,222,944,33153,43382,3465,927.527
,223,944,33047,42783,4170,928.391
,224,939,33048,42322,4630,925.92
,225,939,33198,43957,2845,927.898
,226,939,33368,44632,2000,927.34
,227,939,33298,43897,2805,927.855
,228,939,33307,44238,2455,927.915
,229,939,33069,42386,4545,928.093
,230,939,33322,44338,2340,926.684
,231,939,33282,44108,2610,927.335
,232,939,33158,43527,3315,927.411
,233,939,32943,42097,4960,927.307
,234,939,33352,44248,2400,928.582
,235,939,33278,44227,2495,928.138
,236,939,33278,44507,2215,928.046
,237,939,33337,44318,2345,928.882
,238,939,32673,43072,4255,927.988
,239,944,33342,44308,2350,928.873
,240,939,33267,44328,2405,929.988
,241,939,33318,44512,2170,929.754
,242,939,33257,43843,2900,930.352
,243,939,33282,43928,2790,929.959
,244,939,33357,44408,2235,930.156
,245,939,33324,43831,2845,929.495
,246,944,33322,44253,2425,931.271
,247,939,33372,44403,2225,930.928
,248,944,32678,44982,2340,931.251
,249,944,32871,44529,2600,931.533
,250,944,33343,44187,2470,930.065
,251,944,33038,42357,4605,932.418
,252,944,33348,44172,2480,931.638
,253,944,33322,44308,2370,932.169
,254,944,32331,45529,2140,931.853
,255,944,33378,44477,2145,930.668
,256,939,33333,44727,1940,932.171
,257,944,33368,44392,2240,931.838
,258,939,33248,44467,2285,931.283
,259,939,33342,44618,2040,932.362
,260,944,33337,44043,2620,932.161
,261,939,33387,44478,2135,932.583
,262,944,33352,44638,2010,933.559
,263,939,33382,43758,2860,932.478
,264,939,33417,44638,1945,933.224
,265,939,32888,42192,4920,933.319
,266,939,33373,44447,2180,932.964
,267,944,33363,44632,2005,933.512
,268,939,33348,44542,2110,933.441
,269,939,33398,44757,1845,933.268
,270,944,33262,44218,2520,933.499
,271,939,33183,43127,3690,934.186
,272,939,33398,44737,1865,934.185
,273,939,33319,44521,2160,934.421
,274,939,33248,43947,2805,934.464
,275,939,33288,44797,1915,934.565
,276,939,33398,44757,1845,934.633
,277,939,33367,44723,1910,933.385
,278,944,33357,44683,1960,934.547
,279,944,33398,44747,1855,934.699
,280,944,33312,44333,2355,933.469
,281,939,33257,43338,3405,934.862
,282,939,33459,44741,1800,933.557
,283,939,33327,43833,2840,934.714
,284,944,33312,44333,2355,934.78
,285,939,33358,44632,2010,933.862
,286,939,33388,44767,1845,934.257
,287,944,33372,44688,1940,935.215
,288,939,33367,44453,2180,935.077
,289,939,33277,44143,2580,935.315
,290,939,33373,44442,2185,934.921
,291,944,33398,44757,1845,935.312
,292,939,33438,44782,1780,933.908
,293,939,33163,43972,2865,935.006
,294,939,33388,44767,1845,935.418
,295,944,33078,42777,4145,934.828
,296,944,33392,44763,1845,934.543
,297,944,33372,44448,2180,935.028
,298,939,33368,44392,2240,935.448
,299,939,33378,44437,2185,935.09
,300,939,33233,42687,4080,935.291
,301,944,33218,44697,2085,935.086
,302,944,33392,44763,1845,935.685
,303,939,33367,44458,2175,935.328
,304,939,33392,44763,1845,935.373
,305,939,33398,44757,1845,935.862
,306,939,33453,44807,1740,934.977
,307,939,33382,44643,1975,934.711
,308,939,33392,44763,1845,934.781
,309,939,33398,44757,1845,935.553
,310,939,32819,44536,2645,935.218
,311,944,33347,44768,1885,936.35
,312,939,33188,44007,2805,935.89
,313,939,33393,44437,2170,935.423
,314,944,33403,44747,1850,935.27
,315,939,33397,44753,1850,935.931
,316,939,33397,44733,1870,935.501
,317,939,33388,44447,2165,936.324
,318,939,33388,44767,1845,936.083
,319,939,33382,44453,2165,936.037
,320,939,33432,44818,1750,936.559
,321,939,33392,44763,1845,936.541
,322,939,33382,44773,1845,936.728
,323,939,33387,44458,2155,936.394
,324,939,33387,44458,2155,936.678
,325,944,33367,44723,1910,937.112
,326,939,33392,44158,2450,936.498
,327,939,33392,44763,1845,936.745
,328,944,33402,44758,1840,936.997
,329,939,33397,44723,1880,936.462
,330,939,33387,44523,2090,936.807
,331,939,33452,44848,1700,937.164
,332,939,33407,44733,1860,936.893
,333,939,33258,44392,2350,936.533
,334,939,33313,44382,2305,937.144
,335,939,33402,44763,1835,937.127
,336,939,33392,44763,1845,937.133
,337,939,33388,44767,1845,937.324
,338,939,33369,44746,1885,937.19
,339,939,33382,44763,1855,936.462
,340,939,33398,45042,1560,937.3
,341,939,33382,44773,1845,937.486
,342,939,33362,44683,1955,937.394
,343,939,33377,44728,1895,937.254
,344,939,33452,44803,1745,937.585
,345,939,33367,44728,1905,937.369
,346,939,33372,44738,1890,936.922
,347,939,32891,44669,2440,936.669
,348,939,33372,44013,2615,936.496
,349,944,33387,44458,2155,937.069
,350,939,33302,44283,2415,937.052
,351,939,33283,44687,2030,936.948
,352,939,33382,44773,1845,936.059
,353,939,33407,44693,1900,936.522
,354,939,33437,44763,1800,935.545
,355,939,33382,44768,1850,935.775
,356,939,33302,44313,2385,935.684
,357,939,33437,44838,1725,936.579
,358,939,33392,44763,1845,936.971
,359,939,33392,44763,1845,936.007
,360,939,33392,44763,1845,936.534
,361,939,33392,44763,1845,936.698
,362,939,33382,44478,2140,937.2
,363,939,33392,44763,1845,937.14
,364,939,33222,43563,3215,937.053
,365,939,33382,44783,1835,935.423
,366,939,33377,44468,2155,935.591
,367,939,33392,44763,1845,935.871
,368,939,33382,44778,1840,936.716
,369,939,33357,44453,2190,936.642
,370,939,33357,44433,2210,936.978
,371,939,33362,44463,2175,937.158
,372,939,33397,44783,1820,936.818
,373,939,33357,44728,1915,937.012
,374,939,33392,44763,1845,936.617
,375,939,33392,44763,1845,936.952
,376,939,33387,44468,2145,937.662
,377,939,33242,44698,2060,937.301
,378,939,33447,44873,1680,936.825
,379,939,33357,44463,2180,936.978
,380,939,33372,44748,1880,936.872
,381,939,33382,44773,1845,936.661
,382,939,33373,44722,1905,937.178
,383,939,33267,43923,2810,936.401
,384,939,33382,44773,1845,936.934
,385,939,33392,44658,1950,936.589
,386,944,33392,44763,1845,936.87
,387,939,33382,44773,1845,935.784
,388,939,33392,44763,1845,936.841
,389,939,33447,44833,1720,936.642
,390,939,33382,44773,1845,935.912
,391,939,33427,44798,1775,936.658
,392,939,33317,44343,2340,936.873
,393,939,33367,44458,2175,936.891
,394,939,33402,44643,1955,936.843
,395,939,33362,44668,1970,936.824
,396,939,33392,44753,1855,936.912
,397,939,33322,44598,2080,936.934
,398,939,33392,44763,1845,937.292
,399,939,33357,44463,2180,937.039
,400,939,33402,44778,1820,937.037
,401,939,33392,44763,1845,937.23
,402,939,33377,44468,2155,937.71
,403,939,33312,44333,2355,937.317
,404,939,33447,44833,1720,936.883
,405,939,33403,44747,1850,937.276
,406,939,33330,44710,1960,937.323
,407,939,33377,44758,1865,937.558
,408,939,33473,44812,1715,937.547
,409,939,33432,44783,1785,937.43
,410,939,33392,44768,1840,937.606
,411,944,33392,44763,1845,937.407
,412,939,33237,44708,2055,937.642
,413,944,33382,44773,1845,937.304
,414,939,33437,44833,1730,936.926
,415,939,33382,44778,1840,937.392
,416,939,33237,44708,2055,937.219
,417,939,33357,44463,2180,937.604
,418,944,33362,44418,2220,937.446
,419,944,33392,44763,1845,936.873
,420,939,33382,44643,1975,937.336
,421,939,33392,44788,1820,937.108
,422,939,32947,44178,2875,937.478
,423,939,33382,44773,1845,937.465
,424,944,33363,44762,1875,937.409
,425,939,33357,44463,2180,937.372
,426,939,33367,44453,2180,937.019
,427,939,33442,44858,1700,937.53
,428,939,33247,44283,2470,937.512
,429,939,33237,44713,2050,936.713
,430,939,33352,44688,1960,936.999
,431,944,32456,45504,2040,937.123
,432,939,33317,44023,2660,936.831
,433,944,33352,44708,1940,937.108
,434,944,33297,43443,3260,937.026
,435,939,33452,44848,1700,937.192
,436,939,33387,44773,1840,937.013
,437,944,33392,44763,1845,937.572
,438,939,33392,44758,1850,937.788
,439,939,33392,44758,1850,937.364
,440,944,33377,44778,1845,937.554
,441,939,33392,44753,1855,937.266
,442,939,33392,44763,1845,937.624
,443,944,33403,44747,1850,937.504
,444,939,33447,44838,1715,937.293
,445,939,33382,44773,1845,937.752
,446,944,33442,44843,1715,937.914
,447,944,33457,44738,1805,937.529
,448,939,33344,44576,2080,937.558
,449,944,33312,43953,2735,937.42
,450,944,33352,44393,2255,937.631
,451,944,33407,44633,1960,937.448
,452,939,33392,44733,1875,937.185
,453,939,33187,44633,2180,937.418
,454,939,33392,44398,2210,937.451
,455,939,33362,44618,2020,937.442
,456,939,33337,44458,2205,937.66
,457,939,33462,44858,1680,937.276
,458,939,33367,44678,1955,937.222
,459,939,33357,44758,1885,936.925
,460,939,33387,44628,1985,937.161
,461,939,33347,44488,2165,937.691
,462,939,33307,44958,1735,937.148
,463,939,33212,44573,2215,937.407
,464,939,33382,44773,1845,937.587
,465,939,33382,44773,1845,937.423
,466,939,33382,44773,1845,937.508
,467,944,33382,44788,1830,937.071
,468,939,33402,44778,1820,937.125
,469,939,33392,44758,1850,937.498
,470,939,33382,44773,1845,936.975
,471,939,33377,44778,1845,936.585
,472,939,33347,44718,1935,936.62
,473,939,33382,44773,1845,937.063
,474,939,33347,44743,1910,936.584
,475,939,33382,44773,1845,936.964
,476,939,33367,44528,2105,936.938
,477,939,33382,44763,1855,936.982
,478,939,33392,44763,1845,937.391
,479,939,33367,44738,1895,937.487
,480,939,33382,44773,1845,937.705
,481,939,33238,44777,1985,937.496
,482,939,33382,44773,1845,936.925
,483,939,33442,44858,1700,936.959
,484,939,33312,44063,2625,936.959
,485,939,33307,44898,1795,937.445
,486,939,33382,44773,1845,937.482
,487,939,33243,44912,1845,937.361
,488,939,33397,44748,1855,937.428
,489,939,33377,44778,1845,937.617
,490,939,33332,44558,2110,937.609
,491,939,33447,44858,1695,937.868
,492,939,33382,44773,1845,937.877
,493,939,33457,44868,1675,938.078
,494,939,33388,44767,1845,937.83
,495,939,33382,44763,1855,938.169
,496,939,33392,44788,1820,937.641
,497,939,32891,44299,2810,937.971
,498,939,33357,44608,2035,937.467
,499,939,33258,44757,1985,937.005
,Epoch,MAX_G,MAX_MOVE,MAX_ENTER,MAX_WAIT,AVG_G
,0,434,6400,73600,0,235.619
,1,464,9802,70198,0,274.502
,2,464,7050,72950,0,328.373
,3,464,13522,66478,0,353.945
,4,464,10234,69766,0,380.9
,5,474,13862,66138,0,400.819
,6,558,10138,69862,0,417.378
,7,529,14040,65960,0,433.968
,8,554,14040,65960,0,436.319
,9,574,16220,55580,8200,453.175
,10,579,13876,66124,0,455.974
,11,584,16538,55162,8300,477.326
,12,608,10735,69070,195,483.175
,13,594,18260,60835,905,501.69
,14,639,14636,65154,210,505.977
,15,619,17689,57126,5185,523.084
,16,654,18364,61321,315,526.728
,17,679,18262,59258,2480,538.736
,18,689,18615,57700,3685,552.788
,19,699,17710,57770,4520,572.074
,20,704,17971,60274,1755,589.549
,21,704,20529,53176,6295,604.058
,22,704,22179,54436,3385,621.042
,23,704,18138,60957,905,623.274
,24,704,22077,50588,7335,635.164
,25,704,21908,53207,4885,642.979
,26,704,22738,56397,865,647.496
,27,709,20049,49546,10405,657.102
,28,704,22958,55362,1680,659.669
,29,704,21910,54080,4010,658.556
,30,704,22909,56006,1085,661.566
,31,704,22825,56410,765,668.511
,32,704,22739,53041,4220,668.867
,33,704,23060,56080,860,677.279
,34,714,22993,55677,1330,679.112
,35,724,23480,52845,3675,682.113
,36,729,23029,55666,1305,684.071
,37,734,22993,54387,2620,681.846
,38,734,23063,55922,1015,685.239
,39,784,21448,57412,1140,689.604
,40,784,26102,42578,11320,691.363
,41,804,26292,44333,9375,712.929
,42,809,26863,46572,6565,727.83
,43,814,26274,46401,7325,737.299
,44,814,27232,47913,4855,743.299
,45,819,27758,49607,2635,749.141
,46,814,28485,30455,21060,749.627
,47,819,27355,48042,4603,754.665
,48,814,27804,48396,3800,755.534
,49,819,26663,43942,9395,761.697
,50,819,27622,48794,3584,761.516
,51,814,27686,48414,3900,760.385
,52,814,25919,52636,1445,760.138
,53,819,26428,44274,9298,765.025
,54,814,27320,44741,7939,759.67
,55,819,27574,50073,2353,768.594
,56,814,27760,50475,1765,762.2
,57,819,27387,47528,5085,767.782
,58,819,27208,43497,9295,770.966
,59,819,27597,48288,4115,776.127
,60,819,27749,47326,4925,771.56
,61,819,27352,47648,5000,777.325
,62,819,27779,50651,1570,775.683
,63,819,27577,50788,1635,780.466
,64,819,27903,50377,1720,778.617
,65,819,27948,49557,2495,775.332
,66,819,27796,49004,3200,782.326
,67,819,27598,49467,2935,784.816
,68,829,27623,50937,1440,785.014
,69,819,25291,46131,8578,783.859
,70,819,27959,49426,2615,785.625
,71,819,27873,50607,1520,789.11
,72,819,27358,46462,6180,789.325
,73,819,27659,48521,3820,786.215
,74,819,27881,49519,2600,789.741
,75,839,27686,50454,1860,790.391
,76,834,27936,49224,2840,793.843
,77,839,28055,49480,2465,793.997
,78,839,28173,48497,3330,790.978
,79,874,27488,47887,4625,797.049
,80,899,27778,47132,5090,807.146
,81,914,29172,47388,3440,825.5
,82,924,27097,44683,8220,842.856
,83,924,32299,43296,4405,849.151
,84,924,32033,43132,4835,854.212
,85,924,29948,46517,3535,848.004
,86,924,31718,36027,12255,853.615
,87,924,31259,41271,7470,854.245
,88,929,32009,38496,9495,858.284
,89,929,31354,37671,10975,860.477
,90,924,32242,39568,8190,869.256
,91,929,32356,41804,5840,870.002
,92,929,32744,40901,6355,873.379
,93,929,32762,44188,3050,876.379
,94,929,32538,44337,3125,877.654
,95,929,32225,42055,5720,870.727
,96,929,32758,45147,2095,879.353
,97,929,31590,45220,3190,873.344
,98,929,32979,43506,3515,882.717
,99,929,32779,40296,6925,880.418
,100,929,32839,43376,3785,881.487
,101,929,31969,40976,7055,883.183
,102,934,32819,39646,7535,887.383
,103,929,31041,36559,12400,888.821
,104,929,32579,41721,5700,886.131
,105,929,32180,42460,5360,886.482
,106,934,32394,42606,5000,891.213
,107,934,32809,42881,4310,895.111
,108,934,32723,44367,2910,894.975
,109,929,32915,44460,2625,896.257
,110,934,32421,42594,4985,897.775
,111,934,32712,43618,3670,899.752
,112,939,32209,43801,3990,900.484
,113,939,32982,44943,2075,901.509
,114,934,32977,41153,5870,901.989
,115,939,32611,39214,8175,903.908
,116,939,32637,39253,8110,904.194
,117,939,32641,44154,3205,903.839
,118,939,32871,42404,4725,907.674
,119,939,33332,43283,3385,909.219
,120,939,33286,43824,2890,906.708
,121,939,32781,40809,6410,908.221
,122,939,33127,42343,4530,907.81
,123,939,32356,43319,4325,909.597
,124,939,32811,40299,6890,909.1
,125,939,33206,43754,3040,908.68
,126,939,33151,43354,3495,912.451
,127,939,33096,42439,4465,912.675
,128,939,33297,44203,2500,914.913
,129,939,33181,43024,3795,916.589
,130,939,31912,43378,4710,916.785
,131,939,33271,42959,3770,918.708
,132,939,33306,43889,2805,918.404
,133,939,33107,42763,4130,918.075
,134,939,33256,43284,3460,917.677
,135,939,32921,43089,3990,917.645
,136,939,33341,44364,2295,918.941
,137,939,32206,44449,3345,921.242
,138,939,33121,43049,3830,919.81
,139,939,33132,43483,3385,920.892
,140,939,33162,42213,4625,919.415
,141,939,33231,44224,2545,919.106
,142,939,33262,43978,2760,921.059
,143,939,33066,43129,3805,920.719
,144,939,32851,42264,4885,920.936
,145,939,33201,43269,3530,921.554
,146,939,33176,43749,3075,921.539
,147,939,32796,45389,1815,921.86
,148,939,33251,43879,2870,922.735
,149,939,33111,42859,4030,921.723
,150,939,33156,43759,3085,921.949
,151,939,33276,43654,3070,920.172
,152,939,33205,43105,3690,923.358
,153,939,33331,43934,2735,922.146
,154,939,33146,43319,3535,922.933
,155,939,33306,43994,2700,922.095
,156,939,33131,43199,3670,921.238
,157,939,32936,44419,2645,922.116
,158,939,33299,44321,2380,923.87
,159,939,33380,44510,2110,921.379
,160,939,33092,42653,4255,921.791
,161,939,33301,44024,2675,923.076
,162,939,33311,43729,2960,920.877
,163,939,33257,44053,2690,922.547
,164,939,32856,42204,4940,924.148
,165,939,33212,43743,3045,922.844
,166,939,33146,43274,3580,924.513
,167,939,33161,43384,3455,924.398
,168,939,33305,44205,2490,923.631
,169,939,33261,44324,2415,925.455
,170,939,33356,44419,2225,924.16
,171,939,33345,43870,2785,924.15
,172,939,33331,44284,2385,923.236
,173,939,33366,44369,2265,924.621
,174,939,33370,44455,2175,926.237
,175,939,33296,44354,2350,925.316
,176,939,33262,43728,3010,926.412
,177,939,32801,42319,4880,925.397
,178,939,33267,43073,3660,925.822
,179,939,32764,45576,1660,925.392
,180,939,33246,43409,3345,926.602
,181,939,33426,44604,1970,926.748
,182,939,33357,44388,2255,927.737
,183,939,33311,44099,2590,927.682
,184,939,33336,44259,2405,927.974
,185,939,33276,44199,2525,926.174
,186,939,33087,43063,3850,927.86
,187,939,32951,43264,3785,928.574
,188,939,33286,42819,3895,927.504
,189,939,33326,44174,2500,928.647
,190,939,33361,44324,2315,926.522
,191,939,33266,44434,2300,928.497
,192,939,33246,43909,2845,928.566
,193,939,33321,44774,1905,927.404
,194,939,33141,43504,3355,925.583
,195,939,33141,43314,3545,928.187
,196,939,33331,44479,2190,927.755
,197,939,33214,43611,3175,927.954
,198,939,33311,43924,2765,926.901
,199,939,33376,44349,2275,929.291
,200,939,33295,44060,2645,929.082
,201,939,33341,44294,2365,928.165
,202,939,33306,44229,2465,930.281
,203,939,32956,44849,2195,929.926
,204,939,32075,46765,1160,929.994
,205,939,33285,44075,2640,929.704
,206,939,33346,44589,2065,930.824
,207,939,33321,44224,2455,929.888
,208,939,33410,44485,2105,930.106
,209,939,33115,43240,3645,930.338
,210,939,33381,44329,2290,930.355
,211,939,33226,43769,3005,929.493
,212,939,33366,44489,2145,929.557
,213,939,33264,44141,2595,929.982
,214,939,33145,42595,4260,930.607
,215,939,33281,43824,2895,930.642
,216,939,33330,44150,2520,929.996
,217,939,33331,44099,2570,930.083
,218,939,33330,43780,2890,929.233
,219,939,33340,44155,2505,930.566
,220,939,33366,44394,2240,931.055
,221,939,33262,43938,2800,929.655
,222,939,33321,44389,2290,930.602
,223,939,33201,43484,3315,929.731
,224,939,33291,43749,2960,930.861
,225,939,33406,44354,2240,931.318
,226,939,32951,42599,4450,930.577
,227,939,33341,43934,2725,930.819
,228,939,33396,44364,2240,930.888
,229,939,33296,43669,3035,930.998
,230,939,33331,44404,2265,931.938
,231,939,33386,44384,2230,931.786
,232,939,33396,44394,2210,932.549
,233,939,33376,43999,2625,931.862
,234,939,33256,43259,3485,932.284
,235,939,33286,43774,2940,932.339
,236,939,33151,43479,3370,932.56
,237,939,33346,44329,2325,932.752
,238,939,33366,44394,2240,933.202
,239,939,33376,44384,2240,932.047
,240,939,33391,44464,2145,932.159
,241,939,33376,44384,2240,932.297
,242,939,33090,42475,4435,932.23
,243,939,33321,44319,2360,933.313
,244,939,33376,44414,2210,933.178
,245,939,33396,44364,2240,932.567
,246,939,33346,44364,2290,933.299
,247,939,33387,44378,2235,931.711
,248,939,33376,44414,2210,933.116
,249,939,33341,44204,2455,932.735
,250,939,33366,44649,1985,932.638
,251,939,33346,44299,2355,932.465
,252,939,32816,40709,6475,932.233
,253,939,33351,44334,2315,933.011
,254,939,33402,44618,1980,932.958
,255,939,33376,44384,2240,933.059
,256,939,33121,43249,3630,932.117
,257,939,33396,44564,2040,932.002
,258,939,33346,44444,2210,931.564
,259,939,33044,41661,5295,932.936
,260,939,33291,43744,2965,931.877
,261,939,33376,44414,2210,933.237
,262,939,33166,43479,3355,933.277
,263,939,33286,44059,2655,933.551
,264,939,33342,44508,2150,932.967
,265,939,33276,43734,2990,932.476
,266,939,33397,44513,2090,932.7
,267,939,33337,44403,2260,932.864
,268,939,33308,44422,2270,932.448
,269,939,33366,44424,2210,932.687
,270,939,33371,44384,2245,933.107
,271,939,33286,44004,2710,932.483
,272,939,33306,44179,2515,932.54
,273,939,33366,44394,2240,932.602
,274,939,33385,44185,2430,932.773
,275,939,33376,44414,2210,932.205
,276,939,33312,44008,2680,931.72
,277,939,33161,43564,3275,932.476
,278,939,33107,41263,5630,932.584
,279,939,33391,44369,2240,932.771
,280,939,33341,43819,2840,932.586
,281,939,33391,44319,2290,932.769
,282,939,33400,44360,2240,932.426
,283,939,33356,44259,2385,932.504
,284,939,33341,43969,2690,932.632
,285,939,33371,44349,2280,932.795
,286,939,33281,43649,3070,933.393
,287,939,33376,44579,2045,932.717
,288,939,33356,44449,2195,932.209
,289,939,33310,44635,2055,931.94
,290,939,33376,44549,2075,933.749
,291,939,33246,43459,3295,933.438
,292,939,33242,43753,3005,933.744
,293,939,33376,44414,2210,933.719
,294,939,33341,44219,2440,933.918
,295,939,33366,44384,2250,932.962
,296,939,33386,44244,2370,932.71
,297,939,33366,44414,2220,933.65
,298,939,33351,44344,2305,932.215
,299,939,33311,43799,2890,933.133
,300,939,33321,43884,2795,932.31
,301,939,33361,44379,2260,933.211
,302,939,33361,44369,2270,932.747
,303,939,32280,43535,4185,933.027
,304,939,33206,43689,3105,933.483
,305,939,33352,43983,2665,933.833
,306,939,33351,44194,2455,933.678
,307,939,33387,44538,2075,933.501
,308,939,33336,44304,2360,933.788
,309,939,32931,42979,4090,932.81
,310,939,33362,44448,2190,933.948
,311,939,33352,44273,2375,931.313
,312,939,33361,44419,2220,933.241
,313,939,33387,44473,2140,934.379
,314,939,33342,44198,2460,933.392
,315,939,33352,44448,2200,933.142
,316,939,33382,44388,2230,934.018
,317,939,33396,44364,2240,933.316
,318,939,33397,44378,2225,932.6
,319,939,33307,44333,2360,933.339
,320,939,32961,41899,5140,932.092
,321,939,32981,41169,5850,932.369
,322,939,33272,44013,2715,932.657
,323,939,33372,44388,2240,933.577
,324,939,33337,44418,2245,932.934
,325,939,33167,43623,3210,933.535
,326,939,33357,44378,2265,932.612
,327,939,33355,44305,2340,932.947
,328,939,33241,43179,3580,932.722
,329,939,33376,44404,2220,933.031
,330,939,33372,44508,2120,932.184
,331,939,33346,44539,2115,933.271
,332,939,33350,44430,2220,934.324
,333,939,32922,44408,2670,933.171
,334,939,33396,44364,2240,933.559
,335,939,33386,44559,2055,932.715
,336,939,33401,44384,2215,933.549
,337,939,33347,44298,2355,933.02
,338,939,33327,44163,2510,933.179
,339,939,33386,44394,2220,933.91
,340,939,33217,44098,2685,934.527
,341,939,33327,43978,2695,934.257
,342,939,33331,44449,2220,934.237
,343,939,33357,44458,2185,933.436
,344,939,33366,44434,2200,933.746
,345,939,33392,44408,2200,933.259
,346,939,32841,45809,1350,933.531
,347,939,33382,44418,2200,933.947
,348,939,33126,44044,2830,933.419
,349,939,33356,44574,2070,933.568
,350,939,33311,43944,2745,933.867
,351,939,33341,44074,2585,934.194
,352,939,32521,45314,2165,934.487
,353,939,33366,44399,2235,933.915
,354,939,33376,44394,2230,934.975
,355,939,33401,44444,2155,934.385
,356,939,33292,43993,2715,935.051
,357,939,33327,44413,2260,934.781
,358,939,33391,44394,2215,935.093
,359,939,33351,44554,2095,935.29
,360,939,32669,45961,1370,933.805
,361,939,33357,44418,2225,934.304
,362,939,33396,44414,2190,934.31
,363,939,33396,44394,2210,934.756
,364,939,33332,44388,2280,934.841
,365,939,33396,44434,2170,934.934
,366,939,33396,44364,2240,934.908
,367,939,33371,44414,2215,935.493
,368,939,33366,44424,2210,934.585
,369,939,33322,44363,2315,935.471
,370,939,33357,44373,2270,935.663
,371,939,33311,44154,2535,935
,372,939,33277,43888,2835,934.676
,373,939,33246,43304,3450,934.497
,374,939,33311,43959,2730,935.252
,375,939,33311,43844,2845,934.108
,376,939,33391,44584,2025,934.746
,377,939,33366,44424,2210,934.334
,378,939,33372,44118,2510,934.641
,379,939,33266,44549,2185,935.134
,380,939,33341,44324,2335,934.839
,381,939,33083,43807,3110,934.404
,382,939,33397,44543,2060,934.14
,383,939,33342,44043,2615,934.891
,384,939,33341,43879,2780,933.785
,385,939,33271,43944,2785,935.089
,386,939,33372,44418,2210,935.047
,387,939,33376,44404,2220,935.03
,388,939,33351,44284,2365,934.58
,389,939,33382,44408,2210,935.024
,390,939,33396,44464,2140,934.242
,391,939,33386,44384,2230,934.986
,392,939,33390,44390,2220,934.008
,393,939,33351,44514,2135,933.977
,394,939,33332,44358,2310,935.306
,395,939,33376,44384,2240,935.745
,396,939,33347,43883,2770,935.293
,397,939,33382,44378,2240,935.303
,398,939,33249,44641,2110,935.548
,399,939,33386,44374,2240,935.109
,400,939,33396,44354,2250,935.913
,401,939,33351,44344,2305,935.797
,402,939,33155,43380,3465,935.8
,403,939,33272,44043,2685,935.892
,404,939,33372,44378,2250,935.203
,405,939,33396,44384,2220,935.126
,406,939,33387,44418,2195,935.241
,407,939,33192,43613,3195,935.948
,408,939,33361,44144,2495,935.888
,409,939,33366,44424,2210,935.667
,410,939,33266,43734,3000,935.605
,411,939,33391,44299,2310,935.55
,412,939,33381,44374,2245,935.38
,413,939,33342,44278,2380,935.634
,414,939,33336,44494,2170,936.066
,415,939,33336,44234,2430,935.321
,416,939,33392,44378,2230,935.765
,417,939,33366,44424,2210,935.711
,418,939,33406,44494,2100,934.852
,419,939,33396,44364,2240,935.884
,420,939,33287,44038,2675,936.378
,421,939,33392,44388,2220,935.973
,422,939,33356,44394,2250,934.996
,423,939,33351,44719,1930,935.113
,424,939,33161,44379,2460,935.291
,425,939,33151,43704,3145,934.922
,426,939,33366,44399,2235,934.715
,427,939,33201,43389,3410,935.502
,428,939,33256,43819,2925,935.596
,429,939,33342,44413,2245,935.488
,430,939,33360,44400,2240,935.008
,431,939,33351,44459,2190,935.475
,432,939,33391,44364,2245,935.594
,433,939,33401,44549,2050,935.249
,434,939,33396,44504,2100,935.835
,435,939,33226,43229,3545,934.994
,436,939,33355,44380,2265,935.316
,437,939,33371,44399,2230,935.193
,438,939,33371,44339,2290,935.643
,439,939,33276,44274,2450,934.939
,440,939,33276,43949,2775,935.301
,441,939,33083,42192,4725,934.181
,442,939,33376,44389,2235,935.639
,443,939,33376,44389,2235,934.625
,444,939,33336,44359,2305,935.157
,445,939,33376,44379,2245,935.698
,446,939,33366,44389,2245,935.789
,447,939,33331,43969,2700,935.006
,448,939,33371,44539,2090,935.488
,449,939,33386,44509,2105,935.808
,450,939,33361,44379,2260,935.344
,451,939,33230,44510,2260,935.601
,452,939,33311,44034,2655,935.907
,453,939,33360,44400,2240,935.736
,454,939,33376,44359,2265,935.987
,455,939,33204,44266,2530,935.72
,456,939,33371,44504,2125,935.474
,457,939,33330,44405,2265,935.731
,458,939,33391,44374,2235,935.915
,459,939,33366,44399,2235,935.649
,460,939,33386,44379,2235,935.679
,461,939,33391,44359,2250,935.596
,462,939,33161,43694,3145,935.195
,463,939,33376,44389,2235,935.321
,464,939,33331,44259,2410,935.424
,465,939,33381,44404,2215,935.254
,466,939,33386,44369,2245,935.267
,467,939,33391,44454,2155,935.418
,468,939,33381,44389,2230,935.066
,469,939,33386,44379,2235,934.439
,470,939,33386,44369,2245,934.418
,471,939,33376,44399,2225,934.78
,472,939,33256,44509,2235,934.807
,473,939,33271,44279,2450,935.222
,474,939,33391,44384,2225,935.56
,475,939,33381,44464,2155,936.169
,476,939,33376,44374,2250,935.55
,477,939,33226,43859,2915,935.384
,478,939,33371,44394,2235,934.956
,479,939,33381,44394,2225,935.156
,480,939,33306,43749,2945,934.367
,481,939,33366,44414,2220,933.634
,482,939,33376,44469,2155,935.332
,483,939,33350,44415,2235,935.592
,484,939,33376,44389,2235,935.757
,485,939,33257,43638,3105,934.162
,486,939,33391,44354,2255,934.978
,487,939,33336,44284,2380,935.112
,488,939,33346,44429,2225,935.733
,489,939,33366,44399,2235,935.987
,490,939,33391,44364,2245,936.391
,491,939,33391,44419,2190,936.481
,492,939,33361,44394,2245,935.761
,493,939,33376,44254,2370,935.94
,494,939,33361,44414,2225,936.424
,495,939,33366,44399,2235,936.441
,496,939,33196,43684,3120,936.649
,497,939,33334,44426,2240,936.351
,498,939,33391,44424,2185,936.701
,499,939,33381,44389,2230,936.626
